{"cameraMode":{"drawMode":0,"name":"Shaded","section":"Shading Mode"},"sceneLighting":true,"audioPlay":false,"sceneViewState":{"showFog":true,"showMaterialUpdate":false,"showSkybox":true,"showFlares":true,"showImageEffects":true,"showParticleSystems":true},"in2DMode":false,"pivot":{"x":-0.47705078125,"y":8.693359375,"z":13.2763671875},"rotation":{"x":0.5109977722167969,"y":-0.011603148654103279,"z":0.0069000073708593849,"w":0.8594787120819092},"size":18.5302677154541,"orthographic":true}