{"cameraMode":{"drawMode":0,"name":"Shaded","section":"Shading Mode"},"sceneLighting":true,"audioPlay":false,"sceneViewState":{"showFog":true,"showMaterialUpdate":false,"showSkybox":true,"showFlares":true,"showImageEffects":true,"showParticleSystems":true},"in2DMode":false,"pivot":{"x":32.22321319580078,"y":-17.7579402923584,"z":46.32637405395508},"rotation":{"x":0.1394038051366806,"y":0.2579101324081421,"z":-0.037626948207616809,"w":0.9553312659263611},"size":69.99571990966797,"orthographic":false}