{"cameraMode":{"drawMode":0,"name":"Shaded","section":"Shading Mode"},"sceneLighting":true,"audioPlay":false,"sceneViewState":{"showFog":true,"showMaterialUpdate":false,"showSkybox":true,"showFlares":true,"showImageEffects":true,"showParticleSystems":true},"in2DMode":false,"pivot":{"x":0.34671926498413088,"y":-2.195000648498535,"z":-14.12339973449707},"rotation":{"x":0.026680517941713334,"y":-0.5038424730300903,"z":0.015572409145534039,"w":0.8632529973983765},"size":9.036608695983887,"orthographic":false}